N°,Región,Fecha del mensaje,Hora,Mensaje,Poligono de difusión,Tipo de Mensaje,Evento,Fecha_dt,FechaHora_del_mensaje,Amenaza,Variable_amenaza,Fecha_real,Hora_real
2136,Biobío,46217.0,0.979166666666667,"SENAPRED: EVITE ribera del Rio Pichilo, por alerta de crecida. comuna de Arauco.",Comuna de Arauco,Preventivo,Inundación,2026-07-14,2026-07-14 23:30:00,Meteorológica,Inundación,14/07/2026,23:30
2137,Ñuble,46218.0,0.636805555555556,"SENAPRED: EVITE ribera del Rio Niblinto, por alerta de crecida. comuna de Coihueco.",Comuna de Coihueco,Preventivo,Inundación,2026-07-15,2026-07-15 15:17:00,Meteorológica,Inundación,15/07/2026,15:17
2138,Biobío,46219.0,0.378472222222222,"SENAPRED: EVITE ribera del Rio Curanilahue, por alerta de crecida. comuna de Curanilahue.",Comuna de Curanilahue,Preventivo,Inundación,2026-07-16,2026-07-16 09:05:00,Meteorológica,Inundación,16/07/2026,09:05
2139,Biobío,46219.0,0.411805555555556,"SENAPRED: EVITE ribera del Rio Pichilo, por alerta de crecida, comuna de Arauco.",Comuna de Arauco,Preventivo,Inundación,2026-07-16,2026-07-16 09:53:00,Meteorológica,Inundación,16/07/2026,09:53
2140,Biobío,46219.0,0.482638888888889,"SENAPRED: EVACUE borde costero, sector Cerro Verde Bajo, por marejadas, comuna de Penco",Comuna de Penco,Amenaza Inminente,Otras Emergencias,2026-07-16,2026-07-16 11:35:00,Meteorológica,Marejadas,16/07/2026,11:35
2141,Biobío,46219.0,0.545833333333333,"SENAPRED: EVACUE borde costero, Malaquias Concha y Barrio Chino, por marejadas, Penco",Comuna de Penco,Amenaza Inminente,Otras Emergencias,2026-07-16,2026-07-16 13:06:00,Meteorológica,Marejadas,16/07/2026,13:06
2142,Biobío,46219.0,0.570138888888889,"SENAPRED: EVACUE ribera de Rios Curanilahue y Rana, por crecida, comuna de Curanilahue.",Comuna de Curanilahue,Amenaza Inminente,Inundación,2026-07-16,2026-07-16 13:41:00,Meteorológica,Inundación,16/07/2026,13:41
2143,Biobío,46219.0,0.571527777777778,"SENAPRED: EVACUE ribera del Estero Plegarias, por crecida, comuna de Curanilahue.",Comuna de Curanilahue,Amenaza Inminente,Inundación,2026-07-16,2026-07-16 13:43:00,Meteorológica,Inundación,16/07/2026,13:43
2144,Valparaíso,46219.0,0.761805555555556,"SENAPRED: EVACUE Poblacion Argentina por peligro de aluvion, comuna de Quilpue",Comuna de Quilpué,Preventivo,Remoción en masa,2026-07-16,2026-07-16 18:17:00,Meteorológica,Remoción en masa,16/07/2026,18:17
2145,Metropolitana,46220.0,0.554861111111111,"SENAPRED: EVACUE Campamento Ribera Del rio por crecida de rio Mapocho, Comuna de Talagante",Comuna de Talagante,Amenaza Inminente,Inundación,2026-07-17,2026-07-17 13:19:00,Meteorológica,Inundación,17/07/2026,13:19
2146,Tarapacá,46220.0,0.652777777777778,"SENAPRED: EVACUE calles Arturo Prat y Ohiggins por incendio forestal, comuna de camina",Comuna de Camiña,Amenaza Inminente,Incendio Forestal,2026-07-17,2026-07-17 15:40:00,Incendios Forestales,Incendio Forestal,17/07/2026,15:40
2147,Valparaíso,46220.0,0.65625,"SENAPRED: EVITE ribera Estero Marga Marga, por alerta de crecida, comuna Vina del Mar.",Comuna de Viña del Mar,Preventivo,Inundación,2026-07-17,2026-07-17 15:45:00,Meteorológica,Inundación,17/07/2026,15:45
2148,Valparaíso,46220.0,0.730555555555556,"SENAPRED: EVITE ribera del rio Aconcagua, sector La Isla, por crecida, comuna de Concon",Comuna de Concón,Preventivo,Inundación,2026-07-17,2026-07-17 17:32:00,Meteorológica,Inundación,17/07/2026,17:32
2149,Coquimbo,46220.0,0.7375,"SENAPRED: EVACUE sector Infiernillos por aluvion, comuna de Los Vilos",Comuna de Los Vilos,Amenaza Inminente,Remoción en masa,2026-07-17,2026-07-17 17:42:00,Meteorológica,Remoción en masa,17/07/2026,17:42
2150,Valparaíso,46220.0,0.741666666666667,"SENAPRED: EVACUE Condominio La Hacienda por aluvion, Comuna de La Cruz",Comuna de La Cruz,Amenaza Inminente,Remoción en masa,2026-07-17,2026-07-17 17:48:00,Meteorológica,Remoción en masa,17/07/2026,17:48
2151,Valparaíso,46220.0,0.754166666666667,"SENAPRED:EVACUE Ribera Belloto Norte, Infante, El Sol por desborde Estero Quilpue, Quilpue",Comuna de Quilpué,Amenaza Inminente,Inundación,2026-07-17,2026-07-17 18:06:00,Meteorológica,Inundación,17/07/2026,18:06
2152,Valparaíso,46220.0,0.759027777777778,"SENAPRED: EVITE ribera del rio petorca, por alerta de crecida, comuna de Petorca",Comuna de Petorca,Preventivo,Inundación,2026-07-17,2026-07-17 18:13:00,Meteorológica,Inundación,17/07/2026,18:13
2153,Valparaíso,46220.0,0.761805555555556,"SENAPRED: EVITE ribera del rio petorca, por alerta de crecida, comuna de La Ligua",Comuna de La Ligua,Preventivo,Inundación,2026-07-17,2026-07-17 18:17:00,Meteorológica,Inundación,17/07/2026,18:17
2154,Valparaíso,46220.0,0.765972222222222,"SENAPRED: EVACUE sector Otaegui por desborde del estero El Sauce, Comuna de Valparaiso",Comuna de Valparaíso,Amenaza Inminente,Inundación,2026-07-17,2026-07-17 18:23:00,Meteorológica,Inundación,17/07/2026,18:23
2155,Coquimbo,46220.0,0.772916666666667,"SENAPRED : EVITE ribera de rios, esteros y quebradas por crecidas, Provincia de Choapa",Provincia de Choapa,Preventivo,Inundación,2026-07-17,2026-07-17 18:33:00,Meteorológica,Inundación,17/07/2026,18:33
2156,Valparaíso,46220.0,0.779166666666667,"SENAPRED: EVITE ribera del estero de Renaca, por alerta de crecida, Comuna de Viña del Mar",Comuna de Viña del Mar,Preventivo,Inundación,2026-07-17,2026-07-17 18:42:00,Meteorológica,Inundación,17/07/2026,18:42
2157,Coquimbo,46220.0,0.788888888888889,"SENAPRED : EVACUE sectores cercanos del estero Canela por desborde, comuna de Canela",Comuna de Canela,Amenaza Inminente,Inundación,2026-07-17,2026-07-17 18:56:00,Meteorológica,Inundación,17/07/2026,18:56
2158,Valparaíso,46220.0,0.792361111111111,"SENAPRED: EVACUE sector el Garreton por desborde del estero El Garreton, Comuna de Nogales",Comuna de Nogales,Amenaza Inminente,Inundación,2026-07-17,2026-07-17 19:01:00,Meteorológica,Inundación,17/07/2026,19:01
2159,Valparaíso,46220.0,0.846527777777778,"SENAPRED: EVACUE sector Cerrillos por desborde del estero Catemu, Comuna de Catemu",Comuna de Catemu,Amenaza Inminente,Inundación,2026-07-17,2026-07-17 20:19:00,Meteorológica,Inundación,17/07/2026,20:19
2160,Valparaíso,46220.0,0.885416666666667,"SENAPRED: EVACUE sector Eden Bajo Laguna Verde por crecida del estero El Sauce, Valparaiso",Comuna de Valparaíso,Amenaza Inminente,Inundación,2026-07-17,2026-07-17 21:15:00,Meteorológica,Inundación,17/07/2026,21:15
2161,Coquimbo,46220.0,0.899305555555556,"SENAPRED: EVACUE sector Canela Alta y Cruce Los Canelos por desborde Rio Canela, Canela",Comuna de Canela,Amenaza Inminente,Inundación,2026-07-17,2026-07-17 21:35:00,Meteorológica,Inundación,17/07/2026,21:35
2162,Coquimbo,46220.0,0.927777777777778,"SENAPRED: EVACUE sector ByPass Salamanca por desborde del Rio Choapa, comuna de Salamanca",Comuna de Salamanca,Amenaza Inminente,Inundación,2026-07-17,2026-07-17 22:16:00,Meteorológica,Inundación,17/07/2026,22:16
2163,Coquimbo,46220.0,0.929861111111111,"SENAPRED: EVACUE sectores Arboleda, Tebal y Chalinga por desborde Rio Chalinga, Salamanca",Comuna de Salamanca,Amenaza Inminente,Inundación,2026-07-17,2026-07-17 22:19:00,Meteorológica,Inundación,17/07/2026,22:19
2164,Coquimbo,46220.0,0.940972222222222,"SENAPRED: EVACUE Chañaral Alto por desborde estero en Quebrada La Tonta, Monte Patria",Comuna de Monte Patria,Amenaza Inminente,Inundación,2026-07-17,2026-07-17 22:35:00,Meteorológica,Inundación,17/07/2026,22:35
2165,Valparaíso,46220.0,0.945833333333333,"SENAPRED: EVACUE sector Chorrillos por crecida estero San Francisco, comuna de Santa Maria",Comuna de Santa María,Amenaza Inminente,Inundación,2026-07-17,2026-07-17 22:42:00,Meteorológica,Inundación,17/07/2026,22:42
2166,Valparaíso,46220.0,0.947916666666667,"SENAPRED: EVACUE sector Los Molles por crecida estero San Francisco, comuna de San Felipe",Comuna de San Felipe,Amenaza Inminente,Inundación,2026-07-17,2026-07-17 22:45:00,Meteorológica,Inundación,17/07/2026,22:45
2167,Coquimbo,46220.0,0.961111111111111,SENAPRED: EVACUE sectores El Molino y Pobl. Jenifer Alfaro por desborde Rio Combarbala,Comuna de Combarbalá,Amenaza Inminente,Inundación,2026-07-17,2026-07-17 23:04:00,Meteorológica,Inundación,17/07/2026,23:04
2168,Coquimbo,46220.0,0.9625,SENAPRED: EVACUE sector Costanera Punitaqui y Calle Riquelme por desborde estero Punitaqui,Comuna de Punitaqui,Amenaza Inminente,Inundación,2026-07-17,2026-07-17 23:06:00,Meteorológica,Inundación,17/07/2026,23:06
2169,Coquimbo,46220.0,0.964583333333333,"SENAPRED: EVACUE sector Las Lluvias por desborde estero Punitaqui, comuna de Punitaqui",Comuna de Punitaqui,Amenaza Inminente,Inundación,2026-07-17,2026-07-17 23:09:00,Meteorológica,Inundación,17/07/2026,23:09
2170,Valparaíso,46220.0,0.967361111111111,"SENAPRED: EVACUE sector La Isla por crecida del Rio Aconcagua, comuna de Concon",Comuna de Concón,Amenaza Inminente,Inundación,2026-07-17,2026-07-17 23:13:00,Meteorológica,Inundación,17/07/2026,23:13
2171,Valparaíso,46220.0,0.968055555555556,"SENAPRED: EVACUE sector La Isla por crecida del Rio Aconcagua, comuna de Quintero",Comuna de Quintero,Amenaza Inminente,Inundación,2026-07-17,2026-07-17 23:14:00,Meteorológica,Inundación,17/07/2026,23:14
2172,Valparaíso,46220.0,0.970138888888889,"SENAPRED: EVACUE sector Tabolango y La Victoria por crecida del Rio Aconcagua, Limache",Comuna de Limache,Amenaza Inminente,Inundación,2026-07-17,2026-07-17 23:17:00,Meteorológica,Inundación,17/07/2026,23:17
2173,Valparaíso,46220.0,0.971527777777778,"SENAPRED: EVACUE sector Santa Rosa de Colmo por crecida del Rio Aconcagua, comuna Quillota",Comuna de Quillota,Amenaza Inminente,Inundación,2026-07-17,2026-07-17 23:19:00,Meteorológica,Inundación,17/07/2026,23:19
2174,Valparaíso,46220.0,0.973611111111111,"SENAPRED: EVACUE sector El Cobre por desborde del Estero El Cobre, comuna de San Esteban",Comuna de San Esteban,Amenaza Inminente,Inundación,2026-07-17,2026-07-17 23:22:00,Meteorológica,Inundación,17/07/2026,23:22
2175,Coquimbo,46221.0,0.0375,"SENAPRED: EVACUE sectores Huentelauquen Bajo y Sur por desborde Rio Choapa, comuna Canela",Comuna de Canela,Amenaza Inminente,Inundación,2026-07-18,2026-07-18 00:54:00,Meteorológica,Inundación,18/07/2026,00:54
2176,Atacama,46221.0,0.241666666666667,"SENAPRED: EVACUE sector Las Pircas y La Fragua por activacion de quebradas, Alto del Carmen",Comuna de Alto del Carmen,Amenaza Inminente,Inundación,2026-07-18,2026-07-18 05:48:00,Meteorológica,Inundación,18/07/2026,05:48
2177,Coquimbo,46221.0,0.261111111111111,"SENAPRED: EVACUE sector Quebrada San Carlos por activacion de quebradas, comuna de Vicuña",Comuna de Vicuña,Amenaza Inminente,Inundación,2026-07-18,2026-07-18 06:16:00,Meteorológica,Inundación,18/07/2026,06:16
2178,Coquimbo,46221.0,0.313888888888889,"SENAPRED: EVACUE sector costa de Villa El Arrayan por activacion de quebradas, com. Vicuna",Comuna de Vicuña,Amenaza Inminente,Inundación,2026-07-18,2026-07-18 07:32:00,Meteorológica,Inundación,18/07/2026,07:32
2179,Coquimbo,46221.0,0.315972222222222,"SENAPRED: EVACUE sectores Marquesa y Nueva Talcuna por activacion de quebradas, com. Vicuna",Comuna de Vicuña,Amenaza Inminente,Inundación,2026-07-18,2026-07-18 07:35:00,Meteorológica,Inundación,18/07/2026,07:35
2180,Coquimbo,46221.0,0.318055555555556,"SENAPRED: EVACUE sector El Almendral por activacion de quebradas, comuna de Vicuna",Comuna de Vicuña,Amenaza Inminente,Inundación,2026-07-18,2026-07-18 07:38:00,Meteorológica,Inundación,18/07/2026,07:38
2181,Atacama,46221.0,0.324305555555556,"SENAPRED: EVACUE sector Quebrada Valparaiso por desborde de canal, comuna de Vallena",Comuna de Vallenar,Amenaza Inminente,Inundación,2026-07-18,2026-07-18 07:47:00,Meteorológica,Inundación,18/07/2026,07:47
2182,Atacama,46221.0,0.347916666666667,"SENAPRED: EVITE ribera de rios El Carmen y El Transito por crecida, Comuna Alto del Carmen",Comuna de Alto del Carmen,Preventivo,Inundación,2026-07-18,2026-07-18 08:21:00,Meteorológica,Inundación,18/07/2026,08:21
2183,Coquimbo,46221.0,0.390972222222222,"SENAPRED: EVITE ribera de rios, esteros y quebradas por crecidas, Provincia del Elqui",Provincia de Elqui,Preventivo,Inundación,2026-07-18,2026-07-18 09:23:00,Meteorológica,Inundación,18/07/2026,09:23
2184,Atacama,46221.0,0.398611111111111,"SENAPRED: EVITE ribera de rios El Carmen y El Transito por crecida, Comuna Alto del Carmen",Comuna de Alto del Carmen,Preventivo,Inundación,2026-07-18,2026-07-18 09:34:00,Meteorológica,Inundación,18/07/2026,09:34
2185,Atacama,46221.0,0.427777777777778,"SENAPRED: EVACUE Villa Prat localidad El transito por desborde, Comuna Alto del Carmen",Comuna de Alto del Carmen,Amenaza Inminente,Inundación,2026-07-18,2026-07-18 10:16:00,Meteorológica,Inundación,18/07/2026,10:16
2186,Atacama,46221.0,0.429861111111111,"SENAPRED: EVACUE sector El Retamo Valle del carmen por desborde, Comuna Alto del Carmen",Comuna de Alto del Carmen,Amenaza Inminente,Inundación,2026-07-18,2026-07-18 10:19:00,Meteorológica,Inundación,18/07/2026,10:19
2187,Coquimbo,46221.0,0.451388888888889,"SENAPRED: EVITE ribera de rios, esteros y quebradas por crecidas, Provincia del Limari",Provincia de Limarí,Preventivo,Inundación,2026-07-18,2026-07-18 10:50:00,Meteorológica,Inundación,18/07/2026,10:50
2188,Coquimbo,46221.0,0.521527777777778,"SENAPRED: EVACUE Valle Los Angeles, sector Las Rojas por desborde rio Elqui. La Serena",Comuna de La Serena,Amenaza Inminente,Inundación,2026-07-18,2026-07-18 12:31:00,Meteorológica,Inundación,18/07/2026,12:31
2189,Coquimbo,46221.0,0.527777777777778,"SENAPRED: EVACUE sector Santa Cristina, por desborde quebrada Santa Cristina, comuna Ovalle",Comuna de Ovalle,Amenaza Inminente,Inundación,2026-07-18,2026-07-18 12:40:00,Meteorológica,Inundación,18/07/2026,12:40
2190,Coquimbo,46221.0,0.545833333333333,"SENAPRED: EVACUE sector centro de Tongoy, por desborde de estero Tongoy, comuna de Coquimbo",Comuna de Coquimbo,Amenaza Inminente,Inundación,2026-07-18,2026-07-18 13:06:00,Meteorológica,Inundación,18/07/2026,13:06
2191,Coquimbo,46221.0,0.55625,"SENAPRED: EVACUE Tambillos, Apatitas, Las Cardas, por desborde de quebrada Tambillos, Coquimbo.",Comuna de Coquimbo,Amenaza Inminente,Inundación,2026-07-18,2026-07-18 13:21:00,Meteorológica,Inundación,18/07/2026,13:21
2192,Coquimbo,46221.0,0.559722222222222,"SENAPRED: EVACUE sector Carachilla El Guindo, por desborde quebrada Seca Sotaquí. Com Ovalle.",Comuna de Ovalle,Amenaza Inminente,Inundación,2026-07-18,2026-07-18 13:26:00,Meteorológica,Inundación,18/07/2026,13:26
2193,Coquimbo,46221.0,0.598611111111111,"SENAPRED: EVACUE sector Higueritas Unidas, por desborde quebrada El Ingenio, comuna Ovalle.",Comuna de Ovalle,Amenaza Inminente,Inundación,2026-07-18,2026-07-18 14:22:00,Meteorológica,Inundación,18/07/2026,14:22
2194,Atacama,46221.0,0.61875,"SENAPRED: EVACUE La Vega, Valle del carmen por activación quebrada La Vega. Alto del Carmen",Comuna de Alto del Carmen,Amenaza Inminente,Inundación,2026-07-18,2026-07-18 14:51:00,Meteorológica,Inundación,18/07/2026,14:51
2195,Atacama,46221.0,0.675694444444444,"SENAPRED: EVACUE entre la Junta y Embalse Santa Juana, por desborde. comuna Alto del Carmen",Comuna de Alto del Carmen,Amenaza Inminente,Inundación,2026-07-18,2026-07-18 16:13:00,Meteorológica,Inundación,18/07/2026,16:13
2196,Coquimbo,46221.0,0.679166666666667,"SENAPRED: EVACUE sector San Carlos, por desborde de quebrada San Carlos, comuna de Vicuña.",Comuna de Vicuña,Amenaza Inminente,Inundación,2026-07-18,2026-07-18 16:18:00,Meteorológica,Inundación,18/07/2026,16:18
2197,Atacama,46221.0,0.70625,"SENAPRED: EVACUE entre Iglesia Colorada y Embalse Lautaro por desborde, Com Tierra Amarilla",Comuna de Tierra Amarilla,Amenaza Inminente,Inundación,2026-07-18,2026-07-18 16:57:00,Meteorológica,Inundación,18/07/2026,16:57
2198,Atacama,46221.0,0.803472222222222,"SENAPRED: EVACUE sector Burro Muerto, Nueva Caldera por activación quebrada, comuna Caldera",Comuna de Caldera,Amenaza Inminente,Inundación,2026-07-18,2026-07-18 19:17:00,Meteorológica,Inundación,18/07/2026,19:17
2199,Coquimbo,46221.0,0.807638888888889,"SENAPRED: EVACUE sectores Valle de Los Ángeles e Hinojal, por desborde  río Elqui, La Serena.",Comuna de La Serena,Amenaza Inminente,Inundación,2026-07-18,2026-07-18 19:23:00,Meteorológica,Inundación,18/07/2026,19:23
2200,Atacama,46221.0,0.815277777777778,"SENAPRED: EVACUE sectores Hornitos y Pabellon por activacion de quebradas, Tierra Amarilla",Comuna de Tierra Amarilla,Amenaza Inminente,Inundación,2026-07-18,2026-07-18 19:34:00,Meteorológica,Inundación,18/07/2026,19:34
2201,Coquimbo,46221.0,0.855555555555556,"SENAPRED: EVACUE sector La Ensenada por desborde de Rio Grande, comuna de Ovalle",Comuna de Ovalle,Amenaza Inminente,Inundación,2026-07-18,2026-07-18 20:32:00,Meteorológica,Inundación,18/07/2026,20:32
2202,Atacama,46221.0,0.990277777777778,"SENAPRED: EVITE ribera del Rio Copiapo por crecida, Comuna de Tierra Amarilla",Comuna de Tierra Amarilla,Preventivo,Inundación,2026-07-18,2026-07-18 23:46:00,Meteorológica,Inundación,18/07/2026,23:46
2203,Atacama,46222.0,0.0472222222222222,"SENAPRED: EVITE ribera del Rio Copiapo por crecida, Comuna de Copiapo",Comuna de Copiapó,Preventivo,Inundación,2026-07-19,2026-07-19 01:08:00,Meteorológica,Inundación,19/07/2026,01:08
2204,Atacama,46222.0,0.503472222222222,"SENAPRED: EVACUE sector El Jilguero por activacion de quebrada El Jilguero, Comuna Vallenar",Comuna de Vallenar,Amenaza Inminente,Inundación,2026-07-19,2026-07-19 12:05:00,Meteorológica,Inundación,19/07/2026,12:05
2205,Atacama,46222.0,0.572916666666667,"SENAPRED: EVACUE sector Villa San Pedro por activacion quebrada Francisco Pizarro, Huasco",Comuna de Huasco,Amenaza Inminente,Inundación,2026-07-19,2026-07-19 13:45:00,Meteorológica,Inundación,19/07/2026,13:45
2206,Coquimbo,46222.0,0.584027777777778,"SENAPRED: EVACUE sector ribera de Rio Limari, por desborde de Rio Limari, comuna de Ovalle",Comuna de Ovalle,Amenaza Inminente,Inundación,2026-07-19,2026-07-19 14:01:00,Meteorológica,Inundación,19/07/2026,14:01
2207,Atacama,46222.0,0.622916666666667,"SENAPRED: EVITE ribera del Rio Huasco por alerta de crecida, Comuna de Huasco",Comuna de Huasco,Preventivo,Inundación,2026-07-19,2026-07-19 14:57:00,Meteorológica,Inundación,19/07/2026,14:57
2208,Atacama,46222.0,0.623611111111111,"SENAPRED: EVITE ribera del Rio Huasco por alerta de crecida, Comuna de Freirina",Comuna de Freirina,Preventivo,Inundación,2026-07-19,2026-07-19 14:58:00,Meteorológica,Inundación,19/07/2026,14:58
2209,Atacama,46222.0,0.625,"SENAPRED: EVITE ribera del Rio Huasco por alerta de crecida, Comuna de Vallenar",Comuna de Vallenar,Preventivo,Inundación,2026-07-19,2026-07-19 15:00:00,Meteorológica,Inundación,19/07/2026,15:00
2210,Atacama,46222.0,0.650694444444444,"SENAPRED: EVACUE sector Maitencillo Bajo por activacion de quebrada Maitencillo, Freirina",Comuna de Freirina,Amenaza Inminente,Inundación,2026-07-19,2026-07-19 15:37:00,Meteorológica,Inundación,19/07/2026,15:37
2211,Atacama,46222.0,0.653472222222222,"SENAPRED: EVACUE sector Poblacion Pablo Neruda por desborde de Canal Ventana, com. Vallenar""",Comuna de Vallenar,Amenaza Inminente,Inundación,2026-07-19,2026-07-19 15:41:00,Meteorológica,Inundación,19/07/2026,15:41
2212,Coquimbo,46222.0,0.670138888888889,"SENAPRED: EVACUE sectores Marquesa y Nueva Talcuna, por desborde quebrada Marquesa, Vicuna",Comuna de Vicuña,Amenaza Inminente,Inundación,2026-07-19,2026-07-19 16:05:00,Meteorológica,Inundación,19/07/2026,16:05
2213,Coquimbo,46222.0,0.672222222222222,"SENAPRED: EVACUE sectores El Arrayan y Calera, por desborde de quebrada El Arrayan, Vicuna",Comuna de Vicuña,Amenaza Inminente,Inundación,2026-07-19,2026-07-19 16:08:00,Meteorológica,Inundación,19/07/2026,16:08
2214,Atacama,46222.0,0.673611111111111,"SENAPRED: EVACUE sector Amancay por activacion de quebrada Alarcon, comuna de Freirina",Comuna de Freirina,Amenaza Inminente,Inundación,2026-07-19,2026-07-19 16:10:00,Meteorológica,Inundación,19/07/2026,16:10
2215,Atacama,46222.0,0.685416666666667,"SENAPRED: EVACUE sector Huasco Bajo por activacion de quebrada Lo Martinez, comuna Huasco",Comuna de Huasco,Amenaza Inminente,Inundación,2026-07-19,2026-07-19 16:27:00,Meteorológica,Inundación,19/07/2026,16:27
2216,Atacama,46222.0,0.702083333333333,"SENAPRED: EVACUE sector La Arena por activacion de quebrada Centinela, comuna de Huasco",Comuna de Huasco,Amenaza Inminente,Inundación,2026-07-19,2026-07-19 16:51:00,Meteorológica,Inundación,19/07/2026,16:51
2217,Atacama,46222.0,0.713194444444444,"SENAPRED: EVACUE sector Amancay por activacion de quebrada Alarcon, comuna de Freirina",Comuna de Freirina,Amenaza Inminente,Inundación,2026-07-19,2026-07-19 17:07:00,Meteorológica,Inundación,19/07/2026,17:07
2218,Coquimbo,46222.0,0.750694444444444,"SENAPRED: EVITE ribera de los rios Elqui y Turbio por alerta de crecida, comuna de Vicuna",Comuna de Vicuña,Amenaza Inminente,Inundación,2026-07-19,2026-07-19 18:01:00,Meteorológica,Inundación,19/07/2026,18:01
2219,Atacama,46222.0,0.761111111111111,"SENAPRED: EVACUE sector Las Tablas por activacion de quebrada del Negro, comuna de Freirina",Comuna de Freirina,Amenaza Inminente,Inundación,2026-07-19,2026-07-19 18:16:00,Meteorológica,Inundación,19/07/2026,18:16
2220,Atacama,46222.0,0.763194444444444,"SENAPRED: EVITE sector Callejon Martinez por alerta de crecida del Rio Huasco, Vallenar.",Comuna de Vallenar,Preventivo,Inundación,2026-07-19,2026-07-19 18:19:00,Meteorológica,Inundación,19/07/2026,18:19
2221,Coquimbo,46222.0,0.78125,"SENAPRED: EVITE sectores Lambert e Islon por crecida de quebrada Santa Gracia, La Serena",Comuna de La Serena,Preventivo,Inundación,2026-07-19,2026-07-19 18:45:00,Meteorológica,Inundación,19/07/2026,18:45
2222,Coquimbo,46222.0,0.79375,"SENAPRED: EVACUE sector Tres Cruces por desborde de quebrada Tres Cruces, comuna Paihuano",Comuna de Paiguano,Amenaza Inminente,Inundación,2026-07-19,2026-07-19 19:03:00,Meteorológica,Inundación,19/07/2026,19:03
2223,Coquimbo,46222.0,0.811111111111111,"SENAPRED: EVACUE sector Tres Cruces por desborde de quebrada Tres Cruces, comuna Paihuano",Comuna de Paiguano,Amenaza Inminente,Inundación,2026-07-19,2026-07-19 19:28:00,Meteorológica,Inundación,19/07/2026,19:28
2224,Atacama,46222.0,0.829166666666667,"SENAPRED: EVACUE sector Callejon Dona Anita por activacion quebrada Agua Salada, Freirina.",Comuna de Freirina,Amenaza Inminente,Inundación,2026-07-19,2026-07-19 19:54:00,Meteorológica,Inundación,19/07/2026,19:54
2225,Coquimbo,46222.0,0.870138888888889,"SENAPRED: EVITE ribera del rio Elqui por crecida, comuna de La Serena",Comuna de La Serena,Preventivo,Inundación,2026-07-19,2026-07-19 20:53:00,Meteorológica,Inundación,19/07/2026,20:53
2226,Atacama,46222.0,0.872916666666667,"SENAPRED: EVACUE sector Nicolasa por desborde de rio Huasco, Comuna de Freirina",Comuna de Freirina,Amenaza Inminente,Inundación,2026-07-19,2026-07-19 20:57:00,Meteorológica,Inundación,19/07/2026,20:57
2227,Coquimbo,46222.0,0.875,"SENAPRED: EVACUE sector Arrayan Costero por activación de quebradas, Comuna de La Serena",Comuna de La Serena,Amenaza Inminente,Inundación,2026-07-19,2026-07-19 21:00:00,Meteorológica,Inundación,19/07/2026,21:00
2228,Atacama,46222.0,0.884722222222222,"SENAPRED: EVITE ribera del rio Huasco por crecida, comuna de Alto del Carmen",Comuna de Alto del Carmen,Preventivo,Inundación,2026-07-19,2026-07-19 21:14:00,Meteorológica,Inundación,19/07/2026,21:14
2229,Atacama,46222.0,0.890277777777778,"SENAPRED: EVACUE sectores de ribera del Rio Huasco por desborde, Comuna de Huasco",Comuna de Huasco,Amenaza Inminente,Inundación,2026-07-19,2026-07-19 21:22:00,Meteorológica,Inundación,19/07/2026,21:22
2230,Coquimbo,46222.0,0.894444444444444,"SENAPRED: EVACUE sector Pueblo Islon parte alta por aluvion, Comuna de La Serena",Comuna de La Serena,Amenaza Inminente,Remoción en masa,2026-07-19,2026-07-19 21:28:00,Meteorológica,Remoción en masa,19/07/2026,21:28
2231,Atacama,46222.0,0.897222222222222,"SENAPRED: EVITE ribera del rio Huasco por crecida, comuna de Vallenar",Comuna de Vallenar,Preventivo,Inundación,2026-07-19,2026-07-19 21:32:00,Meteorológica,Inundación,19/07/2026,21:32
2232,Coquimbo,46222.0,0.901388888888889,"SENAPRED: EVACUE sector Cruz de Cana por activacion de quebradas, Comuna de Coquimbo",Comuna de Coquimbo,Amenaza Inminente,Inundación,2026-07-19,2026-07-19 21:38:00,Meteorológica,Inundación,19/07/2026,21:38
2233,Coquimbo,46222.0,0.902777777777778,"SENAPRED: EVACUE sector Quebrada de Martinez por activacion de quebradas, Comuna de Coquimbo",Comuna de Coquimbo,Amenaza Inminente,Inundación,2026-07-19,2026-07-19 21:40:00,Meteorológica,Inundación,19/07/2026,21:40
2234,Atacama,46222.0,0.9125,"SENAPRED: EVACUE sectores de ribera del Rio Huasco por desborde, Comuna de Huasco",Comuna de Huasco,Amenaza Inminente,Inundación,2026-07-19,2026-07-19 21:54:00,Meteorológica,Inundación,19/07/2026,21:54
2235,Atacama,46222.0,0.914583333333333,"SENAPRED: EVACUE sector Pie de Gallo por activacion de quebradas, Comuna de Alto del Carmen",Comuna de Alto del Carmen,Amenaza Inminente,Inundación,2026-07-19,2026-07-19 21:57:00,Meteorológica,Inundación,19/07/2026,21:57
2236,Coquimbo,46222.0,0.917361111111111,"SENAPRED: EVITE ribera de rios, quebradas y esteros por crecida, Provincia del Elqui",Provincia de Elqui,Preventivo,Inundación,2026-07-19,2026-07-19 22:01:00,Meteorológica,Inundación,19/07/2026,22:01
2237,Coquimbo,46222.0,0.91875,"SENAPRED: EVITE ribera de rios, quebradas y esteros por crecida, Provincia del Limari",Provincia de Limarí,Preventivo,Inundación,2026-07-19,2026-07-19 22:03:00,Meteorológica,Inundación,19/07/2026,22:03
2238,Atacama,46222.0,0.921527777777778,"SENAPRED: EVACUE ribera del Rio Huasco por desborde, Comuna de Freirina",Comuna de Freirina,Amenaza Inminente,Inundación,2026-07-19,2026-07-19 22:07:00,Meteorológica,Inundación,19/07/2026,22:07
2239,Coquimbo,46222.0,0.925694444444444,"SENAPRED: EVACUE sector Alfalfares por desborde Rio Elqui y activacion quebradas, La Serena",Comuna de La Serena,Amenaza Inminente,Inundación,2026-07-19,2026-07-19 22:13:00,Meteorológica,Inundación,19/07/2026,22:13
2240,Coquimbo,46222.0,0.928472222222222,"SENAPRED: EVITE acercarse al estero Tongoy por crecida, comuna de Coquimbo",Comuna de Coquimbo,Preventivo,Inundación,2026-07-19,2026-07-19 22:17:00,Meteorológica,Inundación,19/07/2026,22:17
2241,Atacama,46222.0,0.971527777777778,"SENAPRED: EVITE ribera de rios, quebradas y esteros por crecida, Provincia de Huasco",Provincia de Huasco,Preventivo,Inundación,2026-07-19,2026-07-19 23:19:00,Meteorológica,Inundación,19/07/2026,23:19
2242,Coquimbo,46222.0,0.975,"SENAPRED: EVACUE sector Quebrada Seca de Sotaqui por activacion Quebrada Seca, com. Ovalle",Comuna de Ovalle,Amenaza Inminente,Inundación,2026-07-19,2026-07-19 23:24:00,Meteorológica,Inundación,19/07/2026,23:24
2243,Coquimbo,46222.0,0.979166666666667,"SENAPRED: EVACUE sector Cruz de Cana por activacion de quebradas, Comuna de Coquimbo",Comuna de Coquimbo,Amenaza Inminente,Inundación,2026-07-19,2026-07-19 23:30:00,Meteorológica,Inundación,19/07/2026,23:30
2244,Atacama,46222.0,0.981944444444444,"SENAPRED: EVACUE sector Maitencillo Viejo por activacion de Quebrada Maitencillo, Freirina",Comuna de Freirina,Amenaza Inminente,Inundación,2026-07-19,2026-07-19 23:34:00,Meteorológica,Inundación,19/07/2026,23:34
2245,Coquimbo,46223.0,0.0013888888888888,"SENAPRED: EVACUE sector Pueblo Islon por aluvion, Comuna de La Serena",Comuna de La Serena,Amenaza Inminente,Remoción en masa,2026-07-20,2026-07-20 00:02:00,Meteorológica,Remoción en masa,20/07/2026,00:02
2246,Atacama,46223.0,0.159027777777778,"SENAPRED: EVACUE sector UDA Avenida Costanera por desborde Rio Huasco, comuna de Vallenar",Comuna de Vallenar,Amenaza Inminente,Inundación,2026-07-20,2026-07-20 03:49:00,Meteorológica,Inundación,20/07/2026,03:49
2247,Atacama,46223.0,0.180555555555556,"SENAPRED: EVACUE sector UDA Avenida Costanera por desborde Rio Huasco, comuna de Vallenar",Comuna de Vallenar,Amenaza Inminente,Inundación,2026-07-20,2026-07-20 04:20:00,Meteorológica,Inundación,20/07/2026,04:20
2248,Atacama,46223.0,0.218055555555556,"SENAPRED: EVACUE sectores aledanos a la ribera del Rio Huasco por desborde, comuna Vallenar",Comuna de Vallenar,Amenaza Inminente,Inundación,2026-07-20,2026-07-20 05:14:00,Meteorológica,Inundación,20/07/2026,05:14
2249,Coquimbo,46223.0,0.309027777777778,"SENAPRED: EVACUE sector La Lucha por activacion de Quebrada La Lucha, comuna de Punitaqui",Comuna de Punitaqui,Amenaza Inminente,Inundación,2026-07-20,2026-07-20 07:25:00,Meteorológica,Inundación,20/07/2026,07:25
2250,Coquimbo,46223.0,0.40625,"SENAPRED: Evite riberas de ríos, esteros y quebradas por crecida embalse Culimo, Los Vilos.",Comuna de Los Vilos,Preventivo,Inundación,2026-07-20,2026-07-20 09:45:00,Meteorológica,Inundación,20/07/2026,09:45
2251,Coquimbo,46223.0,0.433333333333333,"SENAPRED: Evite quebrada Vina Vieja, sector Las Lluvias por alerta de crecida, Punitaqui",Comuna de Punitaqui,Preventivo,Inundación,2026-07-20,2026-07-20 10:24:00,Meteorológica,Inundación,20/07/2026,10:24
2252,Coquimbo,46223.0,0.474305555555556,"SENAPRED: EVITE canal Buceta, sector Tambo Oriente por alerta de crecida, comuna Salamanca",Comuna de Salamanca,Preventivo,Inundación,2026-07-20,2026-07-20 11:23:00,Meteorológica,Inundación,20/07/2026,11:23
2253,Coquimbo,46223.0,0.479861111111111,"SENAPRED: EVITE quebrada Montegrande, sector Montegrande por alerta de crecida, Paihuano",Comuna de Paiguano,Preventivo,Inundación,2026-07-20,2026-07-20 11:31:00,Meteorológica,Inundación,20/07/2026,11:31
2254,Coquimbo,46223.0,0.499305555555556,"SENAPRED: EVITE canal Colliguay, sector Colliguay por alerta de crecida, comuna Salamanca",Comuna de Salamanca,Preventivo,Inundación,2026-07-20,2026-07-20 11:59:00,Meteorológica,Inundación,20/07/2026,11:59
2255,Atacama,46223.0,0.526388888888889,"SENAPRED: EVITE entre Ramadilla y El Maiten, por crecida del Rio Huasco, Alto del Carmen",Comuna de Alto del Carmen,Preventivo,Inundación,2026-07-20,2026-07-20 12:38:00,Meteorológica,Inundación,20/07/2026,12:38
2256,Coquimbo,46223.0,0.563194444444444,"SENAPRED: EVACUE sector Cancha Brava cruce Huanque por desborde de rio Chalinga, Salamanca",Comuna de Salamanca,Amenaza Inminente,Inundación,2026-07-20,2026-07-20 13:31:00,Meteorológica,Inundación,20/07/2026,13:31
2257,Coquimbo,46223.0,0.627083333333333,"SENAPRED: EVACUE sector Guindo Alto y Huallillinga, por desborde de canal Paloma, Ovalle",Comuna de Ovalle,Amenaza Inminente,Inundación,2026-07-20,2026-07-20 15:03:00,Meteorológica,Inundación,20/07/2026,15:03
2258,Valparaíso,46223.0,0.810416666666667,"SENAPRED: EVITE sector Puente Colmo por crecida del rio Aconcagua, comuna de Limache",Comuna de Limache,Preventivo,Inundación,2026-07-20,2026-07-20 19:27:00,Meteorológica,Inundación,20/07/2026,19:27
2259,Valparaíso,46223.0,0.811111111111111,"SENAPRED: EVITE sector Puente Colmo por crecida del rio Aconcagua, comuna de Quintero",Comuna de Quintero,Preventivo,Inundación,2026-07-20,2026-07-20 19:28:00,Meteorológica,Inundación,20/07/2026,19:28
2260,Valparaíso,46223.0,0.8125,"SENAPRED: EVITE sector Puente Colmo por crecida del rio Aconcagua, comuna de Concon",Comuna de Concón,Preventivo,Inundación,2026-07-20,2026-07-20 19:30:00,Meteorológica,Inundación,20/07/2026,19:30
2261,Valparaíso,46223.0,0.813888888888889,"SENAPRED: EVITE sector Puente Colmo por crecida del rio Aconcagua, comuna de Quillota",Comuna de Quillota,Preventivo,Inundación,2026-07-20,2026-07-20 19:32:00,Meteorológica,Inundación,20/07/2026,19:32
2262,Coquimbo,46223.0,0.922222222222222,"SENAPRED:EVITE ribera de rio Hurtado por alerta de crecida Embalse recoleta, Comuna Ovalle",Comuna de Ovalle,Preventivo,Inundación,2026-07-20,2026-07-20 22:08:00,Meteorológica,Inundación,20/07/2026,22:08
2263,Coquimbo,46224.0,0.288194444444444,"SENAPRED: EVACUE sectores Hinojal, Gabriela Mistral y Alfalfares por desborde. La Serena",Comuna de La Serena,Amenaza Inminente,Inundación,2026-07-21,2026-07-21 06:55:00,Meteorológica,Inundación,21/07/2026,06:55
2264,Coquimbo,46224.0,0.291666666666667,SENAPRED: EVACUE sectores Valle de Los Angeles y ribera de Río Elqui por desborde. La Serena,Comuna de La Serena,Amenaza Inminente,Inundación,2026-07-21,2026-07-21 07:00:00,Meteorológica,Inundación,21/07/2026,07:00
2265,Atacama,46224.0,0.295138888888889,"SENAPRED: EVACUE villa San Pedro por activación de quebrada Camilo Henriquez, comuna Huasco",Comuna de Huasco,Amenaza Inminente,Inundación,2026-07-21,2026-07-21 07:05:00,Meteorológica,Inundación,21/07/2026,07:05
2266,Atacama,46224.0,0.352083333333333,"SENAPRED: EVACUE villa San Pedro por activación de quebrada Camilo Henriquez, comuna Huasco",Comuna de Huasco,Amenaza Inminente,Inundación,2026-07-21,2026-07-21 08:27:00,Meteorológica,Inundación,21/07/2026,08:27
2267,Coquimbo,46224.0,0.376388888888889,"SENAPRED: EVACUE sector Tres Cruces por activacion de quebrada Tres Cruces, comuna Paihuano",Comuna de Paiguano,Amenaza Inminente,Inundación,2026-07-21,2026-07-21 09:02:00,Meteorológica,Inundación,21/07/2026,09:02
2268,Atacama,46224.0,0.380555555555556,"SENAPRED: EVITE sectores Cachiyuyo y Domeyko por activacion de quebradas, comuna Vallenar",Comuna de Vallenar,Preventivo,Inundación,2026-07-21,2026-07-21 09:08:00,Meteorológica,Inundación,21/07/2026,09:08
2269,Atacama,46224.0,0.383333333333333,"SENAPRED: EVITE sector Canto del Agua por activacion de quebrada, comuna de Huasco",Comuna de Huasco,Preventivo,Inundación,2026-07-21,2026-07-21 09:12:00,Meteorológica,Inundación,21/07/2026,09:12
2270,Coquimbo,46224.0,0.386805555555556,"SENAPRED: EVITE ribera estero Canela Alta cruce Los Canelos por crecida, comuna de Canela",Comuna de Canela,Preventivo,Inundación,2026-07-21,2026-07-21 09:17:00,Meteorológica,Inundación,21/07/2026,09:17
2271,Coquimbo,46224.0,0.396527777777778,"SENAPRED: EVITE QUEBRADAS Y PENDIENTES FUERTES por remoción en masa, comuna de Paihuano",Comuna de Paiguano,Preventivo,Remoción en masa,2026-07-21,2026-07-21 09:31:00,Meteorológica,Remoción en masa,21/07/2026,09:31
2272,Atacama,46224.0,0.414583333333333,"SENAPRED: EVITE sectores Cachiyuyo y Domeyko por activacion de quebradas, comuna Vallenar",Comuna de Vallenar,Preventivo,Inundación,2026-07-21,2026-07-21 09:57:00,Meteorológica,Inundación,21/07/2026,09:57
2273,Atacama,46224.0,0.416666666666667,"SENAPRED: EVACUE sector Nicolasa por desborde de Rio Huasco, comuna de Freirina",Comuna de Freirina,Amenaza Inminente,Inundación,2026-07-21,2026-07-21 10:00:00,Meteorológica,Inundación,21/07/2026,10:00
2274,Atacama,46224.0,0.440277777777778,"SENAPRED: EVACUE sector Tatara por activacion de quebrada Tatara, comuna de Freirina",Comuna de Freirina,Amenaza Inminente,Inundación,2026-07-21,2026-07-21 10:34:00,Meteorológica,Inundación,21/07/2026,10:34
2275,Coquimbo,46224.0,0.450694444444444,"SENAPRED: EVITE sector Tambo Faro por crecida del Rio Choapa, comuna de Salamanca",Comuna de Salamanca,Preventivo,Inundación,2026-07-21,2026-07-21 10:49:00,Meteorológica,Inundación,21/07/2026,10:49
2276,Atacama,46224.0,0.454166666666667,"SENAPRED: EVACUE sector Maitencillo por activación de quebrada Maitencillo, comuna de Freirina",Comuna de Freirina,Amenaza Inminente,Inundación,2026-07-21,2026-07-21 10:54:00,Meteorológica,Inundación,21/07/2026,10:54
2277,Atacama,46224.0,0.455555555555556,"SENAPRED: EVACUE villa Pablo Neruda por desborde de canal Ventana, comuna de Vallenar",Comuna de Vallenar,Amenaza Inminente,Inundación,2026-07-21,2026-07-21 10:56:00,Meteorológica,Inundación,21/07/2026,10:56
2278,Coquimbo,46224.0,0.458333333333333,"SENAPRED: EVITE ribera del Rio Limari por alerta de crecida, comuna de Ovalle",Comuna de Ovalle,Amenaza Inminente,Inundación,2026-07-21,2026-07-21 11:00:00,Meteorológica,Inundación,21/07/2026,11:00
2279,Coquimbo,46224.0,0.463888888888889,"SENAPRED: EVACUE sector pueblo Islon por desborde quebrada Santa Gracia, comuna La Serena",Comuna de La Serena,Amenaza Inminente,Inundación,2026-07-21,2026-07-21 11:08:00,Meteorológica,Inundación,21/07/2026,11:08
2280,Atacama,46224.0,0.471527777777778,"SENAPRED: EVITE sectores ribera del Rio Huasco por crecida, comuna de Huasco",Comuna de Huasco,Preventivo,Inundación,2026-07-21,2026-07-21 11:19:00,Meteorológica,Inundación,21/07/2026,11:19
2281,Atacama,46224.0,0.472916666666667,"SENAPRED: EVITE sectores ribera del Rio Huasco por crecida, comuna de Freirina",Comuna de Freirina,Preventivo,Inundación,2026-07-21,2026-07-21 11:21:00,Meteorológica,Inundación,21/07/2026,11:21
2282,Atacama,46224.0,0.474305555555556,"SENAPRED: EVITE sectores ribera del Rio Huasco por crecida, comuna de Vallenar",Comuna de Vallenar,Preventivo,Inundación,2026-07-21,2026-07-21 11:23:00,Meteorológica,Inundación,21/07/2026,11:23
2283,Atacama,46224.0,0.4875,"SENAPRED: EVACUE sector puente Talca y Matta por crecida del Rio Huasco, comuna de Vallenar",Comuna de Vallenar,Amenaza Inminente,Inundación,2026-07-21,2026-07-21 11:42:00,Meteorológica,Inundación,21/07/2026,11:42
2284,Coquimbo,46224.0,0.490972222222222,"SENAPRED: EVITE sectores Asiento Viejo, Cuzcuz y centro Illapel por crecida Rio Illapel",Comuna de Illapel,Preventivo,Inundación,2026-07-21,2026-07-21 11:47:00,Meteorológica,Inundación,21/07/2026,11:47
2285,Atacama,46224.0,0.494444444444444,"SENAPRED: EVITE sector Totoral por activacion de quebrada, comuna de Copiapo",Comuna de Copiapó,Preventivo,Inundación,2026-07-21,2026-07-21 11:52:00,Meteorológica,Inundación,21/07/2026,11:52
2286,Atacama,46224.0,0.497916666666667,"SENAPRED: EVITE sector Los Loros por activacion qdas Sacramento y Majadita, Tierra Amarilla",Comuna de Tierra Amarilla,Preventivo,Inundación,2026-07-21,2026-07-21 11:57:00,Meteorológica,Inundación,21/07/2026,11:57
2287,Atacama,46224.0,0.527777777777778,"SENAPRED: EVITE sectores Lo Castillo y Los Toyos por activacion qda Lo Castillo, Vallenar",Comuna de Vallenar,Preventivo,Inundación,2026-07-21,2026-07-21 12:40:00,Meteorológica,Inundación,21/07/2026,12:40
2288,Atacama,46224.0,0.536111111111111,"SENAPRED: EVITE sector El Jilguero por crecida del Rio Huasco, comuna de Vallenar",Comuna de Vallenar,Preventivo,Inundación,2026-07-21,2026-07-21 12:52:00,Meteorológica,Inundación,21/07/2026,12:52
2289,Atacama,46224.0,0.547222222222222,"SENAPRED: EVITE sector Quebrada Valparaiso por activacion de quebrada, comuna de Vallenar",Comuna de Vallenar,Preventivo,Inundación,2026-07-21,2026-07-21 13:08:00,Meteorológica,Inundación,21/07/2026,13:08
2290,Coquimbo,46224.0,0.602083333333333,"SENAPRED: EVITE riberas de rios, esteros y quebradas por crecidas. Provincia de Choapa",Provincia de Choapa,Preventivo,Inundación,2026-07-21,2026-07-21 14:27:00,Meteorológica,Inundación,21/07/2026,14:27
2291,Atacama,46224.0,0.615277777777778,"SENAPRED: EVITE sectores Lo Castillo y Los Toyos por activacion qda Lo Castillo, Huasco",Comuna de Huasco,Preventivo,Inundación,2026-07-21,2026-07-21 14:46:00,Meteorológica,Inundación,21/07/2026,14:46
2292,Coquimbo,46224.0,0.665277777777778,"SENAPRED: EVITE riberas de rios, esteros y quebradas por crecidas. Provincia de Choapa",Provincia de Choapa,Preventivo,Inundación,2026-07-21,2026-07-21 15:58:00,Meteorológica,Inundación,21/07/2026,15:58
2293,Atacama,46224.0,0.672222222222222,"SENAPRED: EVITE rivera del Rio Copiapo por crecida, comuna de Tierra Amarilla",Comuna de Tierra Amarilla,Preventivo,Inundación,2026-07-21,2026-07-21 16:08:00,Meteorológica,Inundación,21/07/2026,16:08
2294,Coquimbo,46224.0,0.677083333333333,"SENAPRED: EVACUE ribera del Rio Quilimari por desborde, comuna de Los Vilos",Comuna de Los Vilos,Amenaza Inminente,Inundación,2026-07-21,2026-07-21 16:15:00,Meteorológica,Inundación,21/07/2026,16:15
2295,Coquimbo,46224.0,0.761805555555556,"SENAPRED: EVACUE sector Coyuntagua Sur y Norte por crecida de Rio Choapa, comuna de Illapel",Comuna de Illapel,Amenaza Inminente,Inundación,2026-07-21,2026-07-21 18:17:00,Meteorológica,Inundación,21/07/2026,18:17
2296,Coquimbo,46224.0,0.763194444444444,"SENAPRED: EVACUE sector Tunga Sur y Norte por crecida de Rio Choapa, comuna de Illapel",Comuna de Illapel,Amenaza Inminente,Inundación,2026-07-21,2026-07-21 18:19:00,Meteorológica,Inundación,21/07/2026,18:19
2297,Coquimbo,46224.0,0.765277777777778,"SENAPRED: EVACUE sector Mincha Norte y Sur por crecida de Rio Choapa, comuna de Canela",Comuna de Canela,Amenaza Inminente,Inundación,2026-07-21,2026-07-21 18:22:00,Meteorológica,Inundación,21/07/2026,18:22
2298,Coquimbo,46224.0,0.767361111111111,"SENAPRED: EVACUE sector Huentelauquen Norte y Sur por crecida de Rio Choapa, comuna Canela",Comuna de Canela,Amenaza Inminente,Inundación,2026-07-21,2026-07-21 18:25:00,Meteorológica,Inundación,21/07/2026,18:25
2299,Coquimbo,46224.0,0.834027777777778,"SENAPRED: EVITE ribera de estero Camisas por crecida, comuna de Salamanca",Comuna de Salamanca,Preventivo,Inundación,2026-07-21,2026-07-21 20:01:00,Meteorológica,Inundación,21/07/2026,20:01
2300,Biobío,46229.0,0.617361111111111,"SENAPRED: EVITE ribera de rio Pichilo por alerta de crecida, comuna de Arauco",Comuna de Arauco,Preventivo,Inundación,2026-07-26,2026-07-26 14:49:00,Meteorológica,Inundación,26/07/2026,14:49
2301,Ñuble,46229.0,0.891666666666667,"SENAPRED: EVITE ribera de rio Perquilauquen por alerta de crecida, comuna de San Fabian",Comuna de San Fabián,Preventivo,Inundación,2026-07-26,2026-07-26 21:24:00,Meteorológica,Inundación,26/07/2026,21:24
2302,Ñuble,46229.0,0.893055555555556,"SENAPRED: EVITE ribera de rio Perquilauquen por alerta de crecida, comuna de Niquen",Comuna de Ñiquén,Preventivo,Inundación,2026-07-26,2026-07-26 21:26:00,Meteorológica,Inundación,26/07/2026,21:26
2303,Biobío,46230.0,0.177777777777778,"SENAPRED: EVITE ribera Rio Laja por crecida en sectores Chillancito y Los Encinos, Cabrero",Comuna de Cabrero,Preventivo,Inundación,2026-07-27,2026-07-27 04:16:00,Meteorológica,Inundación,27/07/2026,04:16
2304,Ñuble,46230.0,0.697222222222222,"SENAPRED: EVACUE sectores Magdalena y Meipo, por crecida del rio Itata, comuna de Coelemu
",Comuna de Coelemu,Amenaza Inminente,Inundación,2026-07-27,2026-07-27 16:44:00,Meteorológica,Inundación,27/07/2026,16:44
2305,Ñuble,46230.0,0.699305555555556,"SENAPRED: EVACUE sectores Pangue, Dinamapu y Lompuya, por crecida del rio Itata, Coelemu",Comuna de Coelemu,Amenaza Inminente,Inundación,2026-07-27,2026-07-27 16:47:00,Meteorológica,Inundación,27/07/2026,16:47
2306,Ñuble,46230.0,0.700694444444444,"SENAPRED: EVACUE sectores Mirador Itata y Vegas de Itata por crecida del rio Itata, Coelemu",Comuna de Coelemu,Amenaza Inminente,Inundación,2026-07-27,2026-07-27 16:49:00,Meteorológica,Inundación,27/07/2026,16:49
2307,Maule,46231.0,0.321527777777778,"SENAPRED: EVACUE sector Placilla por desborde del rio Mataquito, Comuna de Licanten.",Comuna de Licantén,Amenaza Inminente,Inundación,2026-07-28,2026-07-28 07:43:00,Meteorológica,Inundación,28/07/2026,07:43
2308,Los Ríos,46231.0,0.403472222222222,"SENAPRED: EVACUE sector Rapaco El Molino, por desborde del rio Llollelhue, comuna La Union.",Comuna de La Unión,Amenaza Inminente,Inundación,2026-07-28,2026-07-28 09:41:00,Meteorológica,Inundación,28/07/2026,09:41
2309,Los Ríos,46231.0,0.404861111111111,"SENAPRED: EVACUE sector Ex Poblacion Osvaldo Leal por desborde del rio Llollelhue, La Union",Comuna de La Unión,Amenaza Inminente,Inundación,2026-07-28,2026-07-28 09:43:00,Meteorológica,Inundación,28/07/2026,09:43
2310,Los Ríos,46231.0,0.40625,"SENAPRED: EVACUE sector Poblacion Foitzick, por desborde del rio Llollelhue, comuna La Union",Comuna de La Unión,Amenaza Inminente,Inundación,2026-07-28,2026-07-28 09:45:00,Meteorológica,Inundación,28/07/2026,09:45
2311,Los Ríos,46231.0,0.674305555555556,"SENAPRED: EVITE ribera rio Lollelhue por crecida, sector Rapaco El Molino, comuna La Union",Comuna de La Unión,Preventivo,Inundación,2026-07-28,2026-07-28 16:11:00,Meteorológica,Inundación,28/07/2026,16:11
2312,Los Ríos,46231.0,0.675694444444444,"SENAPRED: EVITE ribera rio Lollelhue por crecida sector Ex Poblacion Osvaldo Leal, La Union",Comuna de La Unión,Preventivo,Inundación,2026-07-28,2026-07-28 16:13:00,Meteorológica,Inundación,28/07/2026,16:13
2313,Los Ríos,46231.0,0.677083333333333,"SENAPRED: EVITE ribera rio Lollelhue por crecida sector Poblacion Foitzick, La Union",Comuna de La Unión,Preventivo,Inundación,2026-07-28,2026-07-28 16:15:00,Meteorológica,Inundación,28/07/2026,16:15
2314,Los Ríos,46231.0,0.845138888888889,"SENAPRED: EVACUE sector Poblacion Foitzick, por desborde del rio Llollelhue, comuna La Union",Comuna de La Unión,Amenaza Inminente,Inundación,2026-07-28,2026-07-28 20:17:00,Meteorológica,Inundación,28/07/2026,20:17
2315,Los Ríos,46231.0,0.847916666666667,"SENAPRED: EVACUE sector Ex Poblacion Osvaldo Leal por desborde del rio Llollelhue, La Union",Comuna de La Unión,Amenaza Inminente,Inundación,2026-07-28,2026-07-28 20:21:00,Meteorológica,Inundación,28/07/2026,20:21
2316,Los Ríos,46231.0,0.85,"SENAPRED: EVACUE sector Rapaco El Molino, por desborde del rio Llollelhue, comuna La Union.",Comuna de La Unión,Amenaza Inminente,Inundación,2026-07-28,2026-07-28 20:24:00,Meteorológica,Inundación,28/07/2026,20:24
2318,Ñuble,46234.0,0.0277777777777778,"SENAPRED: EVACUE sector Paso Hondo orilla de canal, por desborde de rio, comuna de Ranquil.",Comuna de Ranquil,Amenaza Inminente,Inundación,2026-07-31,2026-07-31 00:40:00,Meteorológica,Inundación,31/07/2026,00:40
2319,Ñuble,46234.0,0.0284722222222222,"SENAPRED: EVACUE sector Alto Centro orilla de canal, por desborde de rio, comuna de Ranquil",Comuna de Ranquil,Amenaza Inminente,Inundación,2026-07-31,2026-07-31 00:41:00,Meteorológica,Inundación,31/07/2026,00:41
2320,Ñuble,46234.0,0.0298611111111111,"SENAPRED: EVACUE sector Santa Ercilla, por desborde de rio, comuna de Ranquil.",Comuna de Ranquil,Amenaza Inminente,Inundación,2026-07-31,2026-07-31 00:43:00,Meteorológica,Inundación,31/07/2026,00:43
2321,Coquimbo,46234.0,0.490277777777778,"SENAPRED: EVITE sector Cajon del Romero por activacion de quebrada, comuna de La Seren",Comuna de La Serena,Preventivo,Inundación,2026-07-31,2026-07-31 11:46:00,Meteorológica,Inundación,31/07/2026,11:46
2322,Coquimbo,46234.0,0.492361111111111,"SENAPRED: EVITE sector Tambillos por activacion de quebrada Tambillo, comuna de Coquimbo",Comuna de La Serena,Preventivo,Inundación,2026-07-31,2026-07-31 11:49:00,Meteorológica,Inundación,31/07/2026,11:49
2323,Coquimbo,46234.0,0.495833333333333,"SENAPRED: EVITE sectores Tongoycillo y Ruta D427 por activacion de quebrada, Coquimbo",Comuna de Coquimbo,Preventivo,Inundación,2026-07-31,2026-07-31 11:54:00,Meteorológica,Inundación,31/07/2026,11:54
2324,Coquimbo,46234.0,0.505555555555556,"SENAPRED: EVITE sector Cruz de Cañas por activacion de quebrada, comuna de Coquimbo",Comuna de Coquimbo,Preventivo,Inundación,2026-07-31,2026-07-31 12:08:00,Meteorológica,Inundación,31/07/2026,12:08
2325,Coquimbo,46234.0,0.513888888888889,"SENAPRED: Por activacion EVITE las quebradas Santa Gracia y Cutun, comuna de La Serena",Comuna de Coquimbo,Preventivo,Inundación,2026-07-31,2026-07-31 12:20:00,Meteorológica,Inundación,31/07/2026,12:20
2326,Coquimbo,46234.0,0.515277777777778,"SENAPRED: Por activacion EVITE la quebrada Arrayan Costero, comuna de La Serena",Comuna de La Serena,Preventivo,Inundación,2026-07-31,2026-07-31 12:22:00,Meteorológica,Inundación,31/07/2026,12:22
2327,Coquimbo,46234.0,0.584027777777778,"SENAPRED:EVITE sector Pan de Azucar por activacion de quebrada Martinez, comuna Coquimbo",Comuna de Coquimbo,Preventivo,Inundación,2026-07-31,2026-07-31 14:01:00,Meteorológica,Inundación,31/07/2026,14:01
2328,Araucanía,46234.0,0.5875,"SENAPRED:EVITE ribera del Rio Puren por alerta de crecida, comuna de Puren",Comuna de Purén,Preventivo,Inundación,2026-07-31,2026-07-31 14:06:00,Meteorológica,Inundación,31/07/2026,14:06
2329,Coquimbo,46234.0,0.641666666666667,"SENAPRED: EVITE ribera del Rio Guatulame por alerta de crecida, comuna de Combarbala",Comuna de Combarbalá,Preventivo,Inundación,2026-07-31,2026-07-31 15:24:00,Meteorológica,Inundación,31/07/2026,15:24
2330,Coquimbo,46234.0,0.64375,"SENAPRED: EVITE ribera del Rio Guatulame por alerta de crecida, comuna de Monte Patria",Comuna de Monte Patria,Preventivo,Inundación,2026-07-31,2026-07-31 15:27:00,Meteorológica,Inundación,31/07/2026,15:27
2331,Coquimbo,46234.0,0.704861111111111,"SENAPRED: EVITE riberas de rios, esteros y quebradas por crecidas, comuna de La Serena",Comuna de La Serena,Preventivo,Inundación,2026-07-31,2026-07-31 16:55:00,Meteorológica,Inundación,31/07/2026,16:55
2332,Araucanía,46234.0,0.786805555555556,"SENAPRED: EVACUE sector Las Obras, por desborde Rio Traiguen y humedales, comuna Traiguen",Comuna de Traiguén,Amenaza Inminente,Inundación,2026-07-31,2026-07-31 18:53:00,Meteorológica,Inundación,31/07/2026,18:53
2333,Biobío,46234.0,0.846527777777778,"SENAPRED: EVITE Puente 1 y ribera estero El Quele por crecida, comuna Concepcion",Comuna de Concepción,Preventivo,Inundación,2026-07-31,2026-07-31 20:19:00,Meteorológica,Inundación,31/07/2026,20:19
2334,Biobío,46234.0,0.900694444444444,"SENAPRED: EVITE sector Santa Rita por desborde del rio Andalien, comuna Concepcion""",Comuna de Concepción,Preventivo,Inundación,2026-07-31,2026-07-31 21:37:00,Meteorológica,Inundación,31/07/2026,21:37
2335,Araucanía,46235.0,0.472916666666667,"SENAPRED: EVITE riberas de rios Renaico y Vergara por crecida, comuna de Renaico",Comuna de Renaico,Preventivo,Inundación,2026-08-01,2026-08-01 11:21:00,Meteorológica,Inundación,01/08/2026,11:21
2336,Araucanía,46235.0,0.548611111111111,"SENAPRED: EVITE ribera del Rio Rehue por crecida, comuna de Los Sauces",Comuna de Los Sauces,Preventivo,Inundación,2026-08-01,2026-08-01 13:10:00,Meteorológica,Inundación,01/08/2026,13:10
2337,Los Lagos,46235.0,0.636805555555556,"SENAPRED: EVACUE sectores Trumao, Quilacahuin y Cofalmo por desborde Rio Bueno, San Pablo",Comuna de San Pablo,Amenaza Inminente,Inundación,2026-08-01,2026-08-01 15:17:00,Meteorológica,Inundación,01/08/2026,15:17
2338,Los Lagos,46235.0,0.639583333333333,"SENAPRED: EVITE ribera del Rio Rahue por crecida, comuna de Osorno",Comuna de Osorno,Preventivo,Inundación,2026-08-01,2026-08-01 15:21:00,Meteorológica,Inundación,01/08/2026,15:21
2340,Araucanía,46235.0,0.7,"SENAPRED: EVITE ribera del Rio Puren por crecida, comuna de Puren",Comuna de Purén,Preventivo,Inundación,2026-08-01,2026-08-01 16:48:00,Meteorológica,Inundación,01/08/2026,16:48
2341,Biobío,46235.0,0.729861111111111,"SENAPRED: EVITE ribera del Rio Pichilo y Rio Lia por crecida, comuna de Arauco",Comuna de Arauco,Preventivo,Inundación,2026-08-01,2026-08-01 17:31:00,Meteorológica,Inundación,01/08/2026,17:31
2342,Biobío,46235.0,0.736111111111111,"SENAPRED: EVITE ribera del Estero Penco por crecida, comuna de Penco",Comuna de Penco,Preventivo,Inundación,2026-08-01,2026-08-01 17:40:00,Meteorológica,Inundación,01/08/2026,17:40
2343,Biobío,46235.0,0.753472222222222,"SENAPRED: EVACUE sectores Pichilo, La Faja y El Yepo por desborde del Rio Pichilo, Arauco",Comuna de Arauco,Amenaza Inminente,Inundación,2026-08-01,2026-08-01 18:05:00,Meteorológica,Inundación,01/08/2026,18:05
2344,Biobío,46235.0,0.75625,"SENAPRED: EVACUE sector Los Guzmanez por desborde del Rio Lia, comuna de Arauco",Comuna de Arauco,Amenaza Inminente,Inundación,2026-08-01,2026-08-01 18:09:00,Meteorológica,Inundación,01/08/2026,18:09
2345,Biobío,46235.0,0.760416666666667,"SENAPRED: EVITE ribera de Rio Curanilahue, Rana y Estero Plegarias por crecida, Curanilahu",Comuna de Curanilahue,Preventivo,Inundación,2026-08-01,2026-08-01 18:15:00,Meteorológica,Inundación,01/08/2026,18:15
2339,Los Lagos,46235.0,0.776388888888889,"SENAPRED: EVITE ribera del Rio Damas por crecida, comuna de Osorno",Comuna de Osorno,Preventivo,Inundación,2026-08-01,2026-08-01 18:38:00,Meteorológica,Inundación,01/08/2026,18:38
2346,Biobío,46235.0,0.803472222222222,"SENAPRED: EVACUE Psje. La Escalera del sector Vista Hermosa por aluvion, comuna de Penco",Comuna de Penco,Amenaza Inminente,Remoción en masa,2026-08-01,2026-08-01 19:17:00,Meteorológica,Remoción en masa,01/08/2026,19:17
2347,Biobío,46235.0,0.829861111111111,"SENAPRED: EVITE ribera de Rio Curanilahue, Rana y Estero Plegarias por crecida, Curanilahue",Comuna de Curanilahue,Preventivo,Inundación,2026-08-01,2026-08-01 19:55:00,Meteorológica,Inundación,01/08/2026,19:55
2348,Biobío,46235.0,0.843055555555556,"SENAPRED: EVITE ribera del rio Vergara por crecida, comuna de Nacimiento",Comuna de Nacimiento,Preventivo,Inundación,2026-08-01,2026-08-01 20:14:00,Meteorológica,Inundación,01/08/2026,20:14
2349,Araucanía,46235.0,0.852083333333333,"SENAPRED: EVACUE sector Boyeco, Tranaman y La Isla por desborde del Rio Puren, comuna Puren",Comuna de Purén,Amenaza Inminente,Inundación,2026-08-01,2026-08-01 20:27:00,Meteorológica,Inundación,01/08/2026,20:27
2350,Araucanía,46235.0,0.854166666666667,"SENAPRED: EVACUE sector Huitranlebu y El Valle por desborde del Rio Puren, comuna Puren",Comuna de Purén,Amenaza Inminente,Inundación,2026-08-01,2026-08-01 20:30:00,Meteorológica,Inundación,01/08/2026,20:30
2351,Araucanía,46235.0,0.855555555555556,"SENAPRED: EVACUE sector Remehueico e Ipinco Bajo por desborde del Rio Puren, comuna Puren",Comuna de Purén,Amenaza Inminente,Inundación,2026-08-01,2026-08-01 20:32:00,Meteorológica,Inundación,01/08/2026,20:32
2352,Biobío,46235.0,0.859027777777778,"SENAPRED: EVITE ribera de los rios Quilleco, Duqueco y Canileo por crecida, comuna Quilleco",Comuna de Quilleco,Preventivo,Inundación,2026-08-01,2026-08-01 20:37:00,Meteorológica,Inundación,01/08/2026,20:37
2353,Biobío,46235.0,0.863888888888889,"SENAPRED: EVITE ribera del Estero Coreo y Varden del Laja por crecida, comuna Quilleco",Comuna de Quilleco,Preventivo,Inundación,2026-08-01,2026-08-01 20:44:00,Meteorológica,Inundación,01/08/2026,20:44
2354,Biobío,46235.0,0.866666666666667,"SENAPRED: EVITE ribera de rios Biobio, Duqueco y Quillaileo por crecida, comuna Sta Barbara",Comuna de Santa Bárbara,Preventivo,Inundación,2026-08-01,2026-08-01 20:48:00,Meteorológica,Inundación,01/08/2026,20:48
2355,Biobío,46235.0,0.924305555555556,"SENAPRED: EVACUE sector Cuatro Tubo por desborde Estero El Carmen, comuna Canete",Comuna de Cañete,Amenaza Inminente,Inundación,2026-08-01,2026-08-01 22:11:00,Meteorológica,Inundación,01/08/2026,22:11
2356,Biobío,46235.0,0.953472222222222,"SENAPRED: EVACUE sector Andres Bello por aluvion, comuna de Penco",Comuna de Penco,Amenaza Inminente,Remoción en masa,2026-08-01,2026-08-01 22:53:00,Meteorológica,Remoción en masa,01/08/2026,22:53
2357,Araucanía,46236.0,0.0861111111111111,"SENAPRED: EVACUE sector Villa La Arboleda y Santa Teresita por desborde Rio Rehue, Angol",Comuna de Angol,Amenaza Inminente,Inundación,2026-08-02,2026-08-02 02:04:00,Meteorológica,Inundación,02/08/2026,02:04
2358,Biobío,46236.0,0.399305555555556,"SENAPRED: EVACUE  sector ribera rio Culenco por desborde de rio, Comuna de Nacimiento",Comuna de Nacimiento,Amenaza Inminente,Inundación,2026-08-02,2026-08-02 09:35:00,Meteorológica,Inundación,02/08/2026,09:35
2359,Biobío,46236.0,0.401388888888889,"SENAPRED: EVACUE  sector ribera rio Nicodahue por desborde de rio, Comuna de Nacimiento",Comuna de Nacimiento,Amenaza Inminente,Inundación,2026-08-02,2026-08-02 09:38:00,Meteorológica,Inundación,02/08/2026,09:38
2360,Biobío,46236.0,0.404166666666667,"SENAPRED: EVACUE  sector San Francisco Millapoa por desborde rio Taboleo, Comuna Nacimiento",Comuna de Nacimiento,Amenaza Inminente,Inundación,2026-08-02,2026-08-02 09:42:00,Meteorológica,Inundación,02/08/2026,09:42
2361,Biobío,46236.0,0.40625,"SENAPRED: EVACUE  sector Las Golondrinas por desborde de rio Taboleo, Comuna de nacimiento",Comuna de Nacimiento,Amenaza Inminente,Inundación,2026-08-02,2026-08-02 09:45:00,Meteorológica,Inundación,02/08/2026,09:45
2362,Biobío,46236.0,0.465277777777778,"SENAPRED: EVACUE  sector Santa Rita por desborde de rio Andalien, Comuna de Concepcion",Comuna de Concepción,Amenaza Inminente,Inundación,2026-08-02,2026-08-02 11:10:00,Meteorológica,Inundación,02/08/2026,11:10
2363,Biobío,46236.0,0.603472222222222,SENAPRED: EVACUE  sectores Santa Rita y Puente 1 por desborde rio Andalien Comuna Concepcion,Comuna de Concepción,Amenaza Inminente,Inundación,2026-08-02,2026-08-02 14:29:00,Meteorológica,Inundación,02/08/2026,14:29
2364,Biobío,46236.0,0.605555555555556,"SENAPRED: EVACUE  sector El Qeule por desborde de rio Andalien, Comuna de Concepcion",Comuna de Concepción,Amenaza Inminente,Inundación,2026-08-02,2026-08-02 14:32:00,Meteorológica,Inundación,02/08/2026,14:32
2365,Araucanía,46236.0,0.654861111111111,"SENAPRED: EVACUE  sector Las Rocas 2 por desborde de rio Vergara, Comuna de Angol",Comuna de Angol,Amenaza Inminente,Inundación,2026-08-02,2026-08-02 15:43:00,Meteorológica,Inundación,02/08/2026,15:43
2366,Araucanía,46236.0,0.723611111111111,"SENAPRED: EVACUE  sector Las Rocas 2 por desborde de rio Vergara, Comuna de Angol",Comuna de Angol,Amenaza Inminente,Inundación,2026-08-02,2026-08-02 17:22:00,Meteorológica,Inundación,02/08/2026,17:22
2367,Araucanía,46236.0,0.900694444444444,"SENAPRED: EVITE ribera del rio Traiguen y humedales por crecida, comuna de Traiguen",Comuna de Traiguén,Amenaza Inminente,Inundación,2026-08-02,2026-08-02 21:37:00,Meteorológica,Inundación,02/08/2026,21:37
2368,Araucanía,46236.0,0.909027777777778,"SENAPRED:EVACUE sector Las Obras por desborde de Rio Traiguen y humedales, comuna Traiguen",Comuna de Traiguén,Amenaza Inminente,Inundación,2026-08-02,2026-08-02 21:49:00,Meteorológica,Inundación,02/08/2026,21:49
2369,Araucanía,46237.0,0.495138888888889,"SENAPRED:EVACUE sectores Cancha Carrera y Pob. El Parque por desborde Rio Lumaco, Lumaco",Comuna de Lumaco,Amenaza Inminente,Inundación,2026-08-03,2026-08-03 11:53:00,Meteorológica,Inundación,03/08/2026,11:53
2370,Araucanía,46237.0,0.794444444444444,"SENAPRED:EVACUE sectores Villa Portales y Villa Damas por desborde Rio Damas, Com. Carahue",Comuna de Carahue,Amenaza Inminente,Inundación,2026-08-03,2026-08-03 19:04:00,Meteorológica,Inundación,03/08/2026,19:04
2371,Araucanía,46237.0,0.817361111111111,"SENAPRED:EVACUE sector Poblacion Las encinas por deslizamiento, Comuna de Lumaco",Comuna de Lumaco,Amenaza Inminente,Remoción en masa,2026-08-03,2026-08-03 19:37:00,Meteorológica,Remoción en masa,03/08/2026,19:37
2372,Araucanía,46237.0,0.824305555555556,"SENAPRED:EVACUE sector Poblacion La Ilusion por deslizamiento, Comuna de Lumaco",Comuna de Lumaco,Amenaza Inminente,Remoción en masa,2026-08-03,2026-08-03 19:47:00,Meteorológica,Remoción en masa,03/08/2026,19:47
2373,Araucanía,46237.0,0.831944444444444,"SENAPRED:EVITE riberas de los rios Imperial, Cholchol y Cautin por crecida, Nueva imperial",Comuna de Nueva Imperial,Amenaza Inminente,Inundación,2026-08-03,2026-08-03 19:58:00,Meteorológica,Inundación,03/08/2026,19:58
2374,Araucanía,46239.0,0.722916666666667,"SENAPRED:EVACUE sectores Arboleda y Santa Teresita por desborde de rio Rehue, comuna Angol",Comuna de Angol,Amenaza Inminente,Inundación,2026-08-05,2026-08-05 17:21:00,Meteorológica,Inundación,05/08/2026,17:21
2375,Araucanía,46239.0,0.742361111111111,"SENAPRED:EVITE sector Rehue por crecida del rio Rehue, comuna de Los Sauces.",Comuna de Los Sauces,Preventivo,Inundación,2026-08-05,2026-08-05 17:49:00,Meteorológica,Inundación,05/08/2026,17:49
2376,Biobío,46239.0,0.772916666666667,"SENAPRED:EVACUE sectores Pichilo y La Faja por desborde del rio Pichilo, comuna de Arauco.",Comuna de Arauco,Amenaza Inminente,Inundación,2026-08-05,2026-08-05 18:33:00,Meteorológica,Inundación,05/08/2026,18:33
2377,Araucanía,46239.0,0.810416666666667,"SENAPRED:EVITE ribera del rio Puren por crecida, comuna de Puren.",Comuna de Purén,Preventivo,Inundación,2026-08-05,2026-08-05 19:27:00,Meteorológica,Inundación,05/08/2026,19:27
2378,Biobío,46239.0,0.880555555555556,"SENAPRED: EVITE ribera de rio Biobio por alerta de crecida, comuna de Santa barbara.",Comuna de Santa Bárbara,Preventivo,Inundación,2026-08-05,2026-08-05 21:08:00,Meteorológica,Inundación,05/08/2026,21:08
2379,Biobío,46239.0,0.916666666666667,"SENAPRED: EVITE ribera del rio Biobio por alerta de crecida, comuna de Nacimiento.",Comuna de Nacimiento,Preventivo,Inundación,2026-08-05,2026-08-05 22:00:00,Meteorológica,Inundación,05/08/2026,22:00
2380,Biobío,46239.0,0.920833333333333,"SENAPRED: EVITE riberas de rios Culenco y Vergara por alerta de crecida, comuna Nacimiento",Comuna de Nacimiento,Preventivo,Inundación,2026-08-05,2026-08-05 22:06:00,Meteorológica,Inundación,05/08/2026,22:06
2381,Biobío,46239.0,0.923611111111111,"SENAPRED:EVITE ribera del rio Nicodahue - Taboleo por alerta de crecida, comuna Nacimiento",Comuna de Nacimiento,Preventivo,Inundación,2026-08-05,2026-08-05 22:10:00,Meteorológica,Inundación,05/08/2026,22:10
2382,Biobío,46239.0,0.957638888888889,"SENAPRED: EVITE ribera del Estero Caillin por alerta de crecida, comuna de Canete",Comuna de Cañete,Preventivo,Inundación,2026-08-05,2026-08-05 22:59:00,Meteorológica,Inundación,05/08/2026,22:59
2384,Atacama,46245.0,0.688888888888889,"SENAPRED: EVITE quebradas y pendientes fuertes por peligro de aluvion, Alto del Carmen",Comuna de Alto del Carmen,Preventivo,Remoción en masa,2026-08-11,2026-08-11 16:32:00,Meteorológica,Remoción en masa,11/08/2026,16:32
2385,Atacama,46246.0,0.390972222222222,"SENAPRED: EVITE ribera del Rio Pulido por alerta de crecida, comuna de Tierra Amarilla.",Comuna de Tierra Amarilla,Preventivo,Inundación,2026-08-12,2026-08-12 09:23:00,Meteorológica,Inundación,12/08/2026,09:23
2386,Atacama,46246.0,0.425,"SENAPRED: EVITE  quebradas y pendientes fuertes por peligro de aluvion, Diego de Almagro.",Comuna de Diego de Almagro,Preventivo,Remoción en masa,2026-08-12,2026-08-12 10:12:00,Meteorológica,Remoción en masa,12/08/2026,10:12
2387,Atacama,46246.0,0.426388888888889,"SENAPRED: EVITE  quebradas y pendientes fuertes por peligro de aluvion, comuna de Chanaral",Comuna de Chañaral,Preventivo,Remoción en masa,2026-08-12,2026-08-12 10:14:00,Meteorológica,Remoción en masa,12/08/2026,10:14
